"","x"
"AREA (MM2) OF [EPITHELIAL] IN [TISSUE]_HE",1
"AREA (MM2) OF [ESI_0080] IN [TISSUE]_HE",1
"AREA (MM2) OF [NECROSIS] IN [TISSUE]_HE",2
"AREA (MM2) OF [STROMA] IN [TISSUE]_HE",3
"AREA (MM2) OF [TUMOR] IN [TISSUE]_HE",1
"AREA PROP [[EPITHELIAL] OVER [TUMOR]] IN [TISSUE]_HE",4
"AREA PROP [[ESI_0080] OVER [TUMOR]] IN [TISSUE]_HE",5
"AREA PROP [[STROMA] OVER [TUMOR]] IN [TISSUE]_HE",4
"CELL CLUSTERING PROPERTIES: BALL-HALL INDEX OF CANCER IN EPITHELIAL_HE",6
"CELL CLUSTERING PROPERTIES: BALL-HALL INDEX OF CANCER IN ESI_0080_HE",5
"CELL CLUSTERING PROPERTIES: BALL-HALL INDEX OF CANCER IN STROMA_HE",5
"CELL CLUSTERING PROPERTIES: BALL-HALL INDEX OF CANCER IN TUMOR_HE",6
"CELL CLUSTERING PROPERTIES: BALL-HALL INDEX OF FIBROBLAST IN EPITHELIAL_HE",6
"CELL CLUSTERING PROPERTIES: BALL-HALL INDEX OF FIBROBLAST IN ESI_0080_HE",3
"CELL CLUSTERING PROPERTIES: BALL-HALL INDEX OF FIBROBLAST IN STROMA_HE",3
"CELL CLUSTERING PROPERTIES: BALL-HALL INDEX OF FIBROBLAST IN TUMOR_HE",3
"CELL CLUSTERING PROPERTIES: BALL-HALL INDEX OF LYMPHOCYTE IN EPITHELIAL_HE",6
"CELL CLUSTERING PROPERTIES: BALL-HALL INDEX OF LYMPHOCYTE IN ESI_0080_HE",3
"CELL CLUSTERING PROPERTIES: BALL-HALL INDEX OF LYMPHOCYTE IN STROMA_HE",3
"CELL CLUSTERING PROPERTIES: BALL-HALL INDEX OF LYMPHOCYTE IN TUMOR_HE",6
"CELL CLUSTERING PROPERTIES: BALL-HALL INDEX OF MACROPHAGE IN EPITHELIAL_HE",7
"CELL CLUSTERING PROPERTIES: BALL-HALL INDEX OF MACROPHAGE IN ESI_0080_HE",7
"CELL CLUSTERING PROPERTIES: BALL-HALL INDEX OF MACROPHAGE IN STROMA_HE",7
"CELL CLUSTERING PROPERTIES: BALL-HALL INDEX OF MACROPHAGE IN TUMOR_HE",7
"CELL CLUSTERING PROPERTIES: BALL-HALL INDEX OF PLASMA IN EPITHELIAL_HE",8
"CELL CLUSTERING PROPERTIES: BALL-HALL INDEX OF PLASMA IN ESI_0080_HE",9
"CELL CLUSTERING PROPERTIES: BALL-HALL INDEX OF PLASMA IN STROMA_HE",9
"CELL CLUSTERING PROPERTIES: BALL-HALL INDEX OF PLASMA IN TUMOR_HE",9
"CELL CLUSTERING PROPERTIES: CALINSKI-HARABASZ INDEX OF CANCER IN EPITHELIAL_HE",1
"CELL CLUSTERING PROPERTIES: CALINSKI-HARABASZ INDEX OF CANCER IN ESI_0080_HE",1
"CELL CLUSTERING PROPERTIES: CALINSKI-HARABASZ INDEX OF CANCER IN STROMA_HE",1
"CELL CLUSTERING PROPERTIES: CALINSKI-HARABASZ INDEX OF CANCER IN TUMOR_HE",1
"CELL CLUSTERING PROPERTIES: CALINSKI-HARABASZ INDEX OF FIBROBLAST IN EPITHELIAL_HE",1
"CELL CLUSTERING PROPERTIES: CALINSKI-HARABASZ INDEX OF FIBROBLAST IN ESI_0080_HE",1
"CELL CLUSTERING PROPERTIES: CALINSKI-HARABASZ INDEX OF FIBROBLAST IN STROMA_HE",1
"CELL CLUSTERING PROPERTIES: CALINSKI-HARABASZ INDEX OF FIBROBLAST IN TUMOR_HE",1
"CELL CLUSTERING PROPERTIES: CALINSKI-HARABASZ INDEX OF LYMPHOCYTE IN EPITHELIAL_HE",1
"CELL CLUSTERING PROPERTIES: CALINSKI-HARABASZ INDEX OF LYMPHOCYTE IN ESI_0080_HE",1
"CELL CLUSTERING PROPERTIES: CALINSKI-HARABASZ INDEX OF LYMPHOCYTE IN STROMA_HE",1
"CELL CLUSTERING PROPERTIES: CALINSKI-HARABASZ INDEX OF LYMPHOCYTE IN TUMOR_HE",1
"CELL CLUSTERING PROPERTIES: CALINSKI-HARABASZ INDEX OF MACROPHAGE IN EPITHELIAL_HE",1
"CELL CLUSTERING PROPERTIES: CALINSKI-HARABASZ INDEX OF MACROPHAGE IN ESI_0080_HE",1
"CELL CLUSTERING PROPERTIES: CALINSKI-HARABASZ INDEX OF MACROPHAGE IN STROMA_HE",1
"CELL CLUSTERING PROPERTIES: CALINSKI-HARABASZ INDEX OF MACROPHAGE IN TUMOR_HE",1
"CELL CLUSTERING PROPERTIES: CALINSKI-HARABASZ INDEX OF PLASMA IN EPITHELIAL_HE",1
"CELL CLUSTERING PROPERTIES: CALINSKI-HARABASZ INDEX OF PLASMA IN ESI_0080_HE",9
"CELL CLUSTERING PROPERTIES: CALINSKI-HARABASZ INDEX OF PLASMA IN STROMA_HE",9
"CELL CLUSTERING PROPERTIES: CALINSKI-HARABASZ INDEX OF PLASMA IN TUMOR_HE",9
"CELL CLUSTERING PROPERTIES: CLUSTER EXTENT MEAN OF CANCER IN EPITHELIAL_HE",6
"CELL CLUSTERING PROPERTIES: CLUSTER EXTENT MEAN OF CANCER IN ESI_0080_HE",5
"CELL CLUSTERING PROPERTIES: CLUSTER EXTENT MEAN OF CANCER IN STROMA_HE",5
"CELL CLUSTERING PROPERTIES: CLUSTER EXTENT MEAN OF CANCER IN TUMOR_HE",6
"CELL CLUSTERING PROPERTIES: CLUSTER EXTENT MEAN OF FIBROBLAST IN EPITHELIAL_HE",6
"CELL CLUSTERING PROPERTIES: CLUSTER EXTENT MEAN OF FIBROBLAST IN ESI_0080_HE",3
"CELL CLUSTERING PROPERTIES: CLUSTER EXTENT MEAN OF FIBROBLAST IN STROMA_HE",3
"CELL CLUSTERING PROPERTIES: CLUSTER EXTENT MEAN OF FIBROBLAST IN TUMOR_HE",3
"CELL CLUSTERING PROPERTIES: CLUSTER EXTENT MEAN OF LYMPHOCYTE IN EPITHELIAL_HE",6
"CELL CLUSTERING PROPERTIES: CLUSTER EXTENT MEAN OF LYMPHOCYTE IN ESI_0080_HE",10
"CELL CLUSTERING PROPERTIES: CLUSTER EXTENT MEAN OF LYMPHOCYTE IN STROMA_HE",10
"CELL CLUSTERING PROPERTIES: CLUSTER EXTENT MEAN OF LYMPHOCYTE IN TUMOR_HE",10
"CELL CLUSTERING PROPERTIES: CLUSTER EXTENT MEAN OF MACROPHAGE IN EPITHELIAL_HE",7
"CELL CLUSTERING PROPERTIES: CLUSTER EXTENT MEAN OF MACROPHAGE IN ESI_0080_HE",7
"CELL CLUSTERING PROPERTIES: CLUSTER EXTENT MEAN OF MACROPHAGE IN STROMA_HE",7
"CELL CLUSTERING PROPERTIES: CLUSTER EXTENT MEAN OF MACROPHAGE IN TUMOR_HE",7
"CELL CLUSTERING PROPERTIES: CLUSTER EXTENT MEAN OF PLASMA IN EPITHELIAL_HE",8
"CELL CLUSTERING PROPERTIES: CLUSTER EXTENT MEAN OF PLASMA IN ESI_0080_HE",9
"CELL CLUSTERING PROPERTIES: CLUSTER EXTENT MEAN OF PLASMA IN STROMA_HE",9
"CELL CLUSTERING PROPERTIES: CLUSTER EXTENT MEAN OF PLASMA IN TUMOR_HE",9
"CELL CLUSTERING PROPERTIES: CLUSTER EXTENT STANDARD DEVIATION OF CANCER IN EPITHELIAL_HE",6
"CELL CLUSTERING PROPERTIES: CLUSTER EXTENT STANDARD DEVIATION OF CANCER IN ESI_0080_HE",5
"CELL CLUSTERING PROPERTIES: CLUSTER EXTENT STANDARD DEVIATION OF CANCER IN STROMA_HE",5
"CELL CLUSTERING PROPERTIES: CLUSTER EXTENT STANDARD DEVIATION OF CANCER IN TUMOR_HE",6
"CELL CLUSTERING PROPERTIES: CLUSTER EXTENT STANDARD DEVIATION OF FIBROBLAST IN EPITHELIAL_HE",6
"CELL CLUSTERING PROPERTIES: CLUSTER EXTENT STANDARD DEVIATION OF FIBROBLAST IN ESI_0080_HE",3
"CELL CLUSTERING PROPERTIES: CLUSTER EXTENT STANDARD DEVIATION OF FIBROBLAST IN STROMA_HE",3
"CELL CLUSTERING PROPERTIES: CLUSTER EXTENT STANDARD DEVIATION OF FIBROBLAST IN TUMOR_HE",3
"CELL CLUSTERING PROPERTIES: CLUSTER EXTENT STANDARD DEVIATION OF LYMPHOCYTE IN EPITHELIAL_HE",6
"CELL CLUSTERING PROPERTIES: CLUSTER EXTENT STANDARD DEVIATION OF LYMPHOCYTE IN ESI_0080_HE",3
"CELL CLUSTERING PROPERTIES: CLUSTER EXTENT STANDARD DEVIATION OF LYMPHOCYTE IN STROMA_HE",3
"CELL CLUSTERING PROPERTIES: CLUSTER EXTENT STANDARD DEVIATION OF LYMPHOCYTE IN TUMOR_HE",6
"CELL CLUSTERING PROPERTIES: CLUSTER EXTENT STANDARD DEVIATION OF MACROPHAGE IN EPITHELIAL_HE",11
"CELL CLUSTERING PROPERTIES: CLUSTER EXTENT STANDARD DEVIATION OF MACROPHAGE IN ESI_0080_HE",9
"CELL CLUSTERING PROPERTIES: CLUSTER EXTENT STANDARD DEVIATION OF MACROPHAGE IN STROMA_HE",9
"CELL CLUSTERING PROPERTIES: CLUSTER EXTENT STANDARD DEVIATION OF MACROPHAGE IN TUMOR_HE",9
"CELL CLUSTERING PROPERTIES: CLUSTER EXTENT STANDARD DEVIATION OF PLASMA IN EPITHELIAL_HE",11
"CELL CLUSTERING PROPERTIES: CLUSTER EXTENT STANDARD DEVIATION OF PLASMA IN ESI_0080_HE",9
"CELL CLUSTERING PROPERTIES: CLUSTER EXTENT STANDARD DEVIATION OF PLASMA IN STROMA_HE",9
"CELL CLUSTERING PROPERTIES: CLUSTER EXTENT STANDARD DEVIATION OF PLASMA IN TUMOR_HE",9
"CELL CLUSTERING PROPERTIES: CLUSTER SIZE MEAN OF CANCER IN EPITHELIAL_HE",12
"CELL CLUSTERING PROPERTIES: CLUSTER SIZE MEAN OF CANCER IN ESI_0080_HE",12
"CELL CLUSTERING PROPERTIES: CLUSTER SIZE MEAN OF CANCER IN STROMA_HE",13
"CELL CLUSTERING PROPERTIES: CLUSTER SIZE MEAN OF CANCER IN TUMOR_HE",12
"CELL CLUSTERING PROPERTIES: CLUSTER SIZE MEAN OF FIBROBLAST IN EPITHELIAL_HE",14
"CELL CLUSTERING PROPERTIES: CLUSTER SIZE MEAN OF FIBROBLAST IN ESI_0080_HE",14
"CELL CLUSTERING PROPERTIES: CLUSTER SIZE MEAN OF FIBROBLAST IN STROMA_HE",14
"CELL CLUSTERING PROPERTIES: CLUSTER SIZE MEAN OF FIBROBLAST IN TUMOR_HE",14
"CELL CLUSTERING PROPERTIES: CLUSTER SIZE MEAN OF LYMPHOCYTE IN EPITHELIAL_HE",10
"CELL CLUSTERING PROPERTIES: CLUSTER SIZE MEAN OF LYMPHOCYTE IN ESI_0080_HE",10
"CELL CLUSTERING PROPERTIES: CLUSTER SIZE MEAN OF LYMPHOCYTE IN STROMA_HE",10
"CELL CLUSTERING PROPERTIES: CLUSTER SIZE MEAN OF LYMPHOCYTE IN TUMOR_HE",10
"CELL CLUSTERING PROPERTIES: CLUSTER SIZE MEAN OF MACROPHAGE IN EPITHELIAL_HE",7
"CELL CLUSTERING PROPERTIES: CLUSTER SIZE MEAN OF MACROPHAGE IN ESI_0080_HE",7
"CELL CLUSTERING PROPERTIES: CLUSTER SIZE MEAN OF MACROPHAGE IN STROMA_HE",7
"CELL CLUSTERING PROPERTIES: CLUSTER SIZE MEAN OF MACROPHAGE IN TUMOR_HE",7
"CELL CLUSTERING PROPERTIES: CLUSTER SIZE MEAN OF PLASMA IN EPITHELIAL_HE",8
"CELL CLUSTERING PROPERTIES: CLUSTER SIZE MEAN OF PLASMA IN ESI_0080_HE",9
"CELL CLUSTERING PROPERTIES: CLUSTER SIZE MEAN OF PLASMA IN STROMA_HE",9
"CELL CLUSTERING PROPERTIES: CLUSTER SIZE MEAN OF PLASMA IN TUMOR_HE",9
"CELL CLUSTERING PROPERTIES: CLUSTER SIZE STANDARD DEVIATION OF CANCER IN EPITHELIAL_HE",12
"CELL CLUSTERING PROPERTIES: CLUSTER SIZE STANDARD DEVIATION OF CANCER IN ESI_0080_HE",12
"CELL CLUSTERING PROPERTIES: CLUSTER SIZE STANDARD DEVIATION OF CANCER IN STROMA_HE",13
"CELL CLUSTERING PROPERTIES: CLUSTER SIZE STANDARD DEVIATION OF CANCER IN TUMOR_HE",12
"CELL CLUSTERING PROPERTIES: CLUSTER SIZE STANDARD DEVIATION OF FIBROBLAST IN EPITHELIAL_HE",14
"CELL CLUSTERING PROPERTIES: CLUSTER SIZE STANDARD DEVIATION OF FIBROBLAST IN ESI_0080_HE",14
"CELL CLUSTERING PROPERTIES: CLUSTER SIZE STANDARD DEVIATION OF FIBROBLAST IN STROMA_HE",14
"CELL CLUSTERING PROPERTIES: CLUSTER SIZE STANDARD DEVIATION OF FIBROBLAST IN TUMOR_HE",14
"CELL CLUSTERING PROPERTIES: CLUSTER SIZE STANDARD DEVIATION OF LYMPHOCYTE IN EPITHELIAL_HE",10
"CELL CLUSTERING PROPERTIES: CLUSTER SIZE STANDARD DEVIATION OF LYMPHOCYTE IN ESI_0080_HE",10
"CELL CLUSTERING PROPERTIES: CLUSTER SIZE STANDARD DEVIATION OF LYMPHOCYTE IN STROMA_HE",10
"CELL CLUSTERING PROPERTIES: CLUSTER SIZE STANDARD DEVIATION OF LYMPHOCYTE IN TUMOR_HE",10
"CELL CLUSTERING PROPERTIES: CLUSTER SIZE STANDARD DEVIATION OF MACROPHAGE IN EPITHELIAL_HE",7
"CELL CLUSTERING PROPERTIES: CLUSTER SIZE STANDARD DEVIATION OF MACROPHAGE IN ESI_0080_HE",7
"CELL CLUSTERING PROPERTIES: CLUSTER SIZE STANDARD DEVIATION OF MACROPHAGE IN STROMA_HE",7
"CELL CLUSTERING PROPERTIES: CLUSTER SIZE STANDARD DEVIATION OF MACROPHAGE IN TUMOR_HE",7
"CELL CLUSTERING PROPERTIES: CLUSTER SIZE STANDARD DEVIATION OF PLASMA IN EPITHELIAL_HE",8
"CELL CLUSTERING PROPERTIES: CLUSTER SIZE STANDARD DEVIATION OF PLASMA IN ESI_0080_HE",9
"CELL CLUSTERING PROPERTIES: CLUSTER SIZE STANDARD DEVIATION OF PLASMA IN STROMA_HE",9
"CELL CLUSTERING PROPERTIES: CLUSTER SIZE STANDARD DEVIATION OF PLASMA IN TUMOR_HE",9
"CELL CLUSTERING PROPERTIES: NUMBER OF CLUSTERS OF CANCER IN EPITHELIAL_HE",1
"CELL CLUSTERING PROPERTIES: NUMBER OF CLUSTERS OF CANCER IN ESI_0080_HE",1
"CELL CLUSTERING PROPERTIES: NUMBER OF CLUSTERS OF CANCER IN STROMA_HE",1
"CELL CLUSTERING PROPERTIES: NUMBER OF CLUSTERS OF CANCER IN TUMOR_HE",1
"CELL CLUSTERING PROPERTIES: NUMBER OF CLUSTERS OF FIBROBLAST IN EPITHELIAL_HE",1
"CELL CLUSTERING PROPERTIES: NUMBER OF CLUSTERS OF FIBROBLAST IN ESI_0080_HE",1
"CELL CLUSTERING PROPERTIES: NUMBER OF CLUSTERS OF FIBROBLAST IN STROMA_HE",1
"CELL CLUSTERING PROPERTIES: NUMBER OF CLUSTERS OF FIBROBLAST IN TUMOR_HE",1
"CELL CLUSTERING PROPERTIES: NUMBER OF CLUSTERS OF LYMPHOCYTE IN EPITHELIAL_HE",1
"CELL CLUSTERING PROPERTIES: NUMBER OF CLUSTERS OF LYMPHOCYTE IN ESI_0080_HE",1
"CELL CLUSTERING PROPERTIES: NUMBER OF CLUSTERS OF LYMPHOCYTE IN STROMA_HE",1
"CELL CLUSTERING PROPERTIES: NUMBER OF CLUSTERS OF LYMPHOCYTE IN TUMOR_HE",1
"CELL CLUSTERING PROPERTIES: NUMBER OF CLUSTERS OF MACROPHAGE IN EPITHELIAL_HE",1
"CELL CLUSTERING PROPERTIES: NUMBER OF CLUSTERS OF MACROPHAGE IN ESI_0080_HE",1
"CELL CLUSTERING PROPERTIES: NUMBER OF CLUSTERS OF MACROPHAGE IN STROMA_HE",1
"CELL CLUSTERING PROPERTIES: NUMBER OF CLUSTERS OF MACROPHAGE IN TUMOR_HE",1
"CELL CLUSTERING PROPERTIES: NUMBER OF CLUSTERS OF PLASMA IN EPITHELIAL_HE",1
"CELL CLUSTERING PROPERTIES: NUMBER OF CLUSTERS OF PLASMA IN ESI_0080_HE",1
"CELL CLUSTERING PROPERTIES: NUMBER OF CLUSTERS OF PLASMA IN STROMA_HE",1
"CELL CLUSTERING PROPERTIES: NUMBER OF CLUSTERS OF PLASMA IN TUMOR_HE",1
"CELL CLUSTERING PROPERTIES: WITHIN CLUSTER DISPERSION MEAN OF CANCER IN EPITHELIAL_HE",12
"CELL CLUSTERING PROPERTIES: WITHIN CLUSTER DISPERSION MEAN OF CANCER IN ESI_0080_HE",12
"CELL CLUSTERING PROPERTIES: WITHIN CLUSTER DISPERSION MEAN OF CANCER IN STROMA_HE",13
"CELL CLUSTERING PROPERTIES: WITHIN CLUSTER DISPERSION MEAN OF CANCER IN TUMOR_HE",12
"CELL CLUSTERING PROPERTIES: WITHIN CLUSTER DISPERSION MEAN OF FIBROBLAST IN EPITHELIAL_HE",14
"CELL CLUSTERING PROPERTIES: WITHIN CLUSTER DISPERSION MEAN OF FIBROBLAST IN ESI_0080_HE",14
"CELL CLUSTERING PROPERTIES: WITHIN CLUSTER DISPERSION MEAN OF FIBROBLAST IN STROMA_HE",14
"CELL CLUSTERING PROPERTIES: WITHIN CLUSTER DISPERSION MEAN OF FIBROBLAST IN TUMOR_HE",14
"CELL CLUSTERING PROPERTIES: WITHIN CLUSTER DISPERSION MEAN OF LYMPHOCYTE IN EPITHELIAL_HE",10
"CELL CLUSTERING PROPERTIES: WITHIN CLUSTER DISPERSION MEAN OF LYMPHOCYTE IN ESI_0080_HE",10
"CELL CLUSTERING PROPERTIES: WITHIN CLUSTER DISPERSION MEAN OF LYMPHOCYTE IN STROMA_HE",10
"CELL CLUSTERING PROPERTIES: WITHIN CLUSTER DISPERSION MEAN OF LYMPHOCYTE IN TUMOR_HE",10
"CELL CLUSTERING PROPERTIES: WITHIN CLUSTER DISPERSION MEAN OF MACROPHAGE IN EPITHELIAL_HE",7
"CELL CLUSTERING PROPERTIES: WITHIN CLUSTER DISPERSION MEAN OF MACROPHAGE IN ESI_0080_HE",7
"CELL CLUSTERING PROPERTIES: WITHIN CLUSTER DISPERSION MEAN OF MACROPHAGE IN STROMA_HE",7
"CELL CLUSTERING PROPERTIES: WITHIN CLUSTER DISPERSION MEAN OF MACROPHAGE IN TUMOR_HE",7
"CELL CLUSTERING PROPERTIES: WITHIN CLUSTER DISPERSION MEAN OF PLASMA IN EPITHELIAL_HE",8
"CELL CLUSTERING PROPERTIES: WITHIN CLUSTER DISPERSION MEAN OF PLASMA IN ESI_0080_HE",9
"CELL CLUSTERING PROPERTIES: WITHIN CLUSTER DISPERSION MEAN OF PLASMA IN STROMA_HE",9
"CELL CLUSTERING PROPERTIES: WITHIN CLUSTER DISPERSION MEAN OF PLASMA IN TUMOR_HE",9
"CELL CLUSTERING PROPERTIES: WITHIN CLUSTER DISPERSION STANDARD DEVIATION OF CANCER IN EPITHELIAL_HE",12
"CELL CLUSTERING PROPERTIES: WITHIN CLUSTER DISPERSION STANDARD DEVIATION OF CANCER IN ESI_0080_HE",12
"CELL CLUSTERING PROPERTIES: WITHIN CLUSTER DISPERSION STANDARD DEVIATION OF CANCER IN STROMA_HE",13
"CELL CLUSTERING PROPERTIES: WITHIN CLUSTER DISPERSION STANDARD DEVIATION OF CANCER IN TUMOR_HE",12
"CELL CLUSTERING PROPERTIES: WITHIN CLUSTER DISPERSION STANDARD DEVIATION OF FIBROBLAST IN EPITHELIAL_HE",14
"CELL CLUSTERING PROPERTIES: WITHIN CLUSTER DISPERSION STANDARD DEVIATION OF FIBROBLAST IN ESI_0080_HE",14
"CELL CLUSTERING PROPERTIES: WITHIN CLUSTER DISPERSION STANDARD DEVIATION OF FIBROBLAST IN STROMA_HE",14
"CELL CLUSTERING PROPERTIES: WITHIN CLUSTER DISPERSION STANDARD DEVIATION OF FIBROBLAST IN TUMOR_HE",14
"CELL CLUSTERING PROPERTIES: WITHIN CLUSTER DISPERSION STANDARD DEVIATION OF LYMPHOCYTE IN EPITHELIAL_HE",10
"CELL CLUSTERING PROPERTIES: WITHIN CLUSTER DISPERSION STANDARD DEVIATION OF LYMPHOCYTE IN ESI_0080_HE",10
"CELL CLUSTERING PROPERTIES: WITHIN CLUSTER DISPERSION STANDARD DEVIATION OF LYMPHOCYTE IN STROMA_HE",10
"CELL CLUSTERING PROPERTIES: WITHIN CLUSTER DISPERSION STANDARD DEVIATION OF LYMPHOCYTE IN TUMOR_HE",10
"CELL CLUSTERING PROPERTIES: WITHIN CLUSTER DISPERSION STANDARD DEVIATION OF MACROPHAGE IN EPITHELIAL_HE",7
"CELL CLUSTERING PROPERTIES: WITHIN CLUSTER DISPERSION STANDARD DEVIATION OF MACROPHAGE IN ESI_0080_HE",7
"CELL CLUSTERING PROPERTIES: WITHIN CLUSTER DISPERSION STANDARD DEVIATION OF MACROPHAGE IN STROMA_HE",7
"CELL CLUSTERING PROPERTIES: WITHIN CLUSTER DISPERSION STANDARD DEVIATION OF MACROPHAGE IN TUMOR_HE",7
"CELL CLUSTERING PROPERTIES: WITHIN CLUSTER DISPERSION STANDARD DEVIATION OF PLASMA IN EPITHELIAL_HE",8
"CELL CLUSTERING PROPERTIES: WITHIN CLUSTER DISPERSION STANDARD DEVIATION OF PLASMA IN ESI_0080_HE",9
"CELL CLUSTERING PROPERTIES: WITHIN CLUSTER DISPERSION STANDARD DEVIATION OF PLASMA IN STROMA_HE",9
"CELL CLUSTERING PROPERTIES: WITHIN CLUSTER DISPERSION STANDARD DEVIATION OF PLASMA IN TUMOR_HE",9
"COUNT PROP [CANCER CELLS] IN [[EPITHELIAL] OVER [ESI_0080]]_HE",3
"COUNT PROP [CANCER CELLS] IN [[EPITHELIAL] OVER [STROMA]]_HE",15
"COUNT PROP [CANCER CELLS] IN [[EPITHELIAL] OVER [TUMOR]]_HE",15
"COUNT PROP [CANCER CELLS] IN [[ESI_0080] OVER [EPITHELIAL]]_HE",3
"COUNT PROP [CANCER CELLS] IN [[ESI_0080] OVER [STROMA]]_HE",15
"COUNT PROP [CANCER CELLS] IN [[ESI_0080] OVER [TUMOR]]_HE",3
"COUNT PROP [CANCER CELLS] IN [[STROMA] OVER [EPITHELIAL]]_HE",15
"COUNT PROP [CANCER CELLS] IN [[STROMA] OVER [ESI_0080]]_HE",15
"COUNT PROP [CANCER CELLS] IN [[STROMA] OVER [TUMOR]]_HE",15
"COUNT PROP [CANCER CELLS] IN [[TUMOR] OVER [EPITHELIAL]]_HE",15
"COUNT PROP [CANCER CELLS] IN [[TUMOR] OVER [ESI_0080]]_HE",3
"COUNT PROP [CANCER CELLS] IN [[TUMOR] OVER [STROMA]]_HE",15
"COUNT PROP [FIBROBLAST CELLS] IN [[EPITHELIAL] OVER [ESI_0080]]_HE",11
"COUNT PROP [FIBROBLAST CELLS] IN [[EPITHELIAL] OVER [STROMA]]_HE",11
"COUNT PROP [FIBROBLAST CELLS] IN [[EPITHELIAL] OVER [TUMOR]]_HE",11
"COUNT PROP [FIBROBLAST CELLS] IN [[ESI_0080] OVER [EPITHELIAL]]_HE",11
"COUNT PROP [FIBROBLAST CELLS] IN [[ESI_0080] OVER [STROMA]]_HE",15
"COUNT PROP [FIBROBLAST CELLS] IN [[ESI_0080] OVER [TUMOR]]_HE",15
"COUNT PROP [FIBROBLAST CELLS] IN [[STROMA] OVER [EPITHELIAL]]_HE",11
"COUNT PROP [FIBROBLAST CELLS] IN [[STROMA] OVER [ESI_0080]]_HE",15
"COUNT PROP [FIBROBLAST CELLS] IN [[STROMA] OVER [TUMOR]]_HE",11
"COUNT PROP [FIBROBLAST CELLS] IN [[TUMOR] OVER [EPITHELIAL]]_HE",11
"COUNT PROP [FIBROBLAST CELLS] IN [[TUMOR] OVER [ESI_0080]]_HE",15
"COUNT PROP [FIBROBLAST CELLS] IN [[TUMOR] OVER [STROMA]]_HE",11
"COUNT PROP [LYMPHOCYTE CELLS] IN [[EPITHELIAL] OVER [ESI_0080]]_HE",11
"COUNT PROP [LYMPHOCYTE CELLS] IN [[EPITHELIAL] OVER [STROMA]]_HE",11
"COUNT PROP [LYMPHOCYTE CELLS] IN [[EPITHELIAL] OVER [TUMOR]]_HE",11
"COUNT PROP [LYMPHOCYTE CELLS] IN [[ESI_0080] OVER [EPITHELIAL]]_HE",11
"COUNT PROP [LYMPHOCYTE CELLS] IN [[ESI_0080] OVER [STROMA]]_HE",15
"COUNT PROP [LYMPHOCYTE CELLS] IN [[ESI_0080] OVER [TUMOR]]_HE",15
"COUNT PROP [LYMPHOCYTE CELLS] IN [[STROMA] OVER [EPITHELIAL]]_HE",11
"COUNT PROP [LYMPHOCYTE CELLS] IN [[STROMA] OVER [ESI_0080]]_HE",15
"COUNT PROP [LYMPHOCYTE CELLS] IN [[STROMA] OVER [TUMOR]]_HE",11
"COUNT PROP [LYMPHOCYTE CELLS] IN [[TUMOR] OVER [EPITHELIAL]]_HE",11
"COUNT PROP [LYMPHOCYTE CELLS] IN [[TUMOR] OVER [ESI_0080]]_HE",15
"COUNT PROP [LYMPHOCYTE CELLS] IN [[TUMOR] OVER [STROMA]]_HE",11
"COUNT PROP [MACROPHAGE CELLS] IN [[EPITHELIAL] OVER [ESI_0080]]_HE",16
"COUNT PROP [MACROPHAGE CELLS] IN [[EPITHELIAL] OVER [STROMA]]_HE",16
"COUNT PROP [MACROPHAGE CELLS] IN [[EPITHELIAL] OVER [TUMOR]]_HE",16
"COUNT PROP [MACROPHAGE CELLS] IN [[ESI_0080] OVER [EPITHELIAL]]_HE",16
"COUNT PROP [MACROPHAGE CELLS] IN [[ESI_0080] OVER [STROMA]]_HE",15
"COUNT PROP [MACROPHAGE CELLS] IN [[ESI_0080] OVER [TUMOR]]_HE",15
"COUNT PROP [MACROPHAGE CELLS] IN [[STROMA] OVER [EPITHELIAL]]_HE",16
"COUNT PROP [MACROPHAGE CELLS] IN [[STROMA] OVER [ESI_0080]]_HE",15
"COUNT PROP [MACROPHAGE CELLS] IN [[STROMA] OVER [TUMOR]]_HE",16
"COUNT PROP [MACROPHAGE CELLS] IN [[TUMOR] OVER [EPITHELIAL]]_HE",16
"COUNT PROP [MACROPHAGE CELLS] IN [[TUMOR] OVER [ESI_0080]]_HE",15
"COUNT PROP [MACROPHAGE CELLS] IN [[TUMOR] OVER [STROMA]]_HE",16
"COUNT PROP [PLASMA CELLS] IN [[EPITHELIAL] OVER [ESI_0080]]_HE",16
"COUNT PROP [PLASMA CELLS] IN [[EPITHELIAL] OVER [STROMA]]_HE",16
"COUNT PROP [PLASMA CELLS] IN [[EPITHELIAL] OVER [TUMOR]]_HE",16
"COUNT PROP [PLASMA CELLS] IN [[ESI_0080] OVER [EPITHELIAL]]_HE",16
"COUNT PROP [PLASMA CELLS] IN [[ESI_0080] OVER [STROMA]]_HE",15
"COUNT PROP [PLASMA CELLS] IN [[ESI_0080] OVER [TUMOR]]_HE",15
"COUNT PROP [PLASMA CELLS] IN [[STROMA] OVER [EPITHELIAL]]_HE",16
"COUNT PROP [PLASMA CELLS] IN [[STROMA] OVER [ESI_0080]]_HE",15
"COUNT PROP [PLASMA CELLS] IN [[STROMA] OVER [TUMOR]]_HE",16
"COUNT PROP [PLASMA CELLS] IN [[TUMOR] OVER [EPITHELIAL]]_HE",16
"COUNT PROP [PLASMA CELLS] IN [[TUMOR] OVER [ESI_0080]]_HE",15
"COUNT PROP [PLASMA CELLS] IN [[TUMOR] OVER [STROMA]]_HE",16
"COUNT PROP [[CANCER CELLS] OVER [[CANCER CELLS] SELECTED BY [FIBROBLAST_RADIUS_80]]] IN [EPITHELIAL]_HE",14
"COUNT PROP [[CANCER CELLS] OVER [[CANCER CELLS] SELECTED BY [FIBROBLAST_RADIUS_80]]] IN [ESI_0080]_HE",14
"COUNT PROP [[CANCER CELLS] OVER [[CANCER CELLS] SELECTED BY [FIBROBLAST_RADIUS_80]]] IN [STROMA]_HE",14
"COUNT PROP [[CANCER CELLS] OVER [[CANCER CELLS] SELECTED BY [FIBROBLAST_RADIUS_80]]] IN [TUMOR]_HE",14
"COUNT PROP [[CANCER CELLS] OVER [[CANCER CELLS] SELECTED BY [LYMPHOCYTE_RADIUS_80]]] IN [EPITHELIAL]_HE",10
"COUNT PROP [[CANCER CELLS] OVER [[CANCER CELLS] SELECTED BY [LYMPHOCYTE_RADIUS_80]]] IN [ESI_0080]_HE",10
"COUNT PROP [[CANCER CELLS] OVER [[CANCER CELLS] SELECTED BY [LYMPHOCYTE_RADIUS_80]]] IN [STROMA]_HE",10
"COUNT PROP [[CANCER CELLS] OVER [[CANCER CELLS] SELECTED BY [LYMPHOCYTE_RADIUS_80]]] IN [TUMOR]_HE",10
"COUNT PROP [[CANCER CELLS] OVER [[CANCER CELLS] SELECTED BY [MACROPHAGE_RADIUS_80]]] IN [EPITHELIAL]_HE",7
"COUNT PROP [[CANCER CELLS] OVER [[CANCER CELLS] SELECTED BY [MACROPHAGE_RADIUS_80]]] IN [ESI_0080]_HE",7
"COUNT PROP [[CANCER CELLS] OVER [[CANCER CELLS] SELECTED BY [MACROPHAGE_RADIUS_80]]] IN [STROMA]_HE",7
"COUNT PROP [[CANCER CELLS] OVER [[CANCER CELLS] SELECTED BY [MACROPHAGE_RADIUS_80]]] IN [TUMOR]_HE",7
"COUNT PROP [[CANCER CELLS] OVER [[CANCER CELLS] SELECTED BY [PLASMA_RADIUS_80]]] IN [EPITHELIAL]_HE",8
"COUNT PROP [[CANCER CELLS] OVER [[CANCER CELLS] SELECTED BY [PLASMA_RADIUS_80]]] IN [ESI_0080]_HE",9
"COUNT PROP [[CANCER CELLS] OVER [[CANCER CELLS] SELECTED BY [PLASMA_RADIUS_80]]] IN [STROMA]_HE",9
"COUNT PROP [[CANCER CELLS] OVER [[CANCER CELLS] SELECTED BY [PLASMA_RADIUS_80]]] IN [TUMOR]_HE",9
"COUNT PROP [[LYMPHOCYTE CELLS] OVER [CANCER CELLS]] IN [EPITHELIAL]_HE",10
"COUNT PROP [[LYMPHOCYTE CELLS] OVER [CANCER CELLS]] IN [ESI_0080]_HE",10
"COUNT PROP [[LYMPHOCYTE CELLS] OVER [CANCER CELLS]] IN [STROMA]_HE",10
"COUNT PROP [[LYMPHOCYTE CELLS] OVER [CANCER CELLS]] IN [TUMOR]_HE",10
"COUNT PROP [[[CANCER CELLS] SELECTED BY [FIBROBLAST_RADIUS_80]] OVER [CANCER CELLS]] IN [EPITHELIAL]_HE",14
"COUNT PROP [[[CANCER CELLS] SELECTED BY [FIBROBLAST_RADIUS_80]] OVER [CANCER CELLS]] IN [ESI_0080]_HE",14
"COUNT PROP [[[CANCER CELLS] SELECTED BY [FIBROBLAST_RADIUS_80]] OVER [CANCER CELLS]] IN [STROMA]_HE",14
"COUNT PROP [[[CANCER CELLS] SELECTED BY [FIBROBLAST_RADIUS_80]] OVER [CANCER CELLS]] IN [TUMOR]_HE",14
"COUNT PROP [[[CANCER CELLS] SELECTED BY [FIBROBLAST_RADIUS_80]] OVER [[CANCER CELLS] SELECTED BY [LYMPHOCYTE_RADIUS_80]]] IN [EPITHELIAL]_HE",13
"COUNT PROP [[[CANCER CELLS] SELECTED BY [FIBROBLAST_RADIUS_80]] OVER [[CANCER CELLS] SELECTED BY [LYMPHOCYTE_RADIUS_80]]] IN [ESI_0080]_HE",13
"COUNT PROP [[[CANCER CELLS] SELECTED BY [FIBROBLAST_RADIUS_80]] OVER [[CANCER CELLS] SELECTED BY [LYMPHOCYTE_RADIUS_80]]] IN [STROMA]_HE",13
"COUNT PROP [[[CANCER CELLS] SELECTED BY [FIBROBLAST_RADIUS_80]] OVER [[CANCER CELLS] SELECTED BY [LYMPHOCYTE_RADIUS_80]]] IN [TUMOR]_HE",13
"COUNT PROP [[[CANCER CELLS] SELECTED BY [FIBROBLAST_RADIUS_80]] OVER [[CANCER CELLS] SELECTED BY [MACROPHAGE_RADIUS_80]]] IN [EPITHELIAL]_HE",7
"COUNT PROP [[[CANCER CELLS] SELECTED BY [FIBROBLAST_RADIUS_80]] OVER [[CANCER CELLS] SELECTED BY [MACROPHAGE_RADIUS_80]]] IN [ESI_0080]_HE",7
"COUNT PROP [[[CANCER CELLS] SELECTED BY [FIBROBLAST_RADIUS_80]] OVER [[CANCER CELLS] SELECTED BY [MACROPHAGE_RADIUS_80]]] IN [STROMA]_HE",7
"COUNT PROP [[[CANCER CELLS] SELECTED BY [FIBROBLAST_RADIUS_80]] OVER [[CANCER CELLS] SELECTED BY [MACROPHAGE_RADIUS_80]]] IN [TUMOR]_HE",7
"COUNT PROP [[[CANCER CELLS] SELECTED BY [FIBROBLAST_RADIUS_80]] OVER [[CANCER CELLS] SELECTED BY [PLASMA_RADIUS_80]]] IN [EPITHELIAL]_HE",8
"COUNT PROP [[[CANCER CELLS] SELECTED BY [FIBROBLAST_RADIUS_80]] OVER [[CANCER CELLS] SELECTED BY [PLASMA_RADIUS_80]]] IN [ESI_0080]_HE",9
"COUNT PROP [[[CANCER CELLS] SELECTED BY [FIBROBLAST_RADIUS_80]] OVER [[CANCER CELLS] SELECTED BY [PLASMA_RADIUS_80]]] IN [STROMA]_HE",9
"COUNT PROP [[[CANCER CELLS] SELECTED BY [FIBROBLAST_RADIUS_80]] OVER [[CANCER CELLS] SELECTED BY [PLASMA_RADIUS_80]]] IN [TUMOR]_HE",9
"COUNT PROP [[[CANCER CELLS] SELECTED BY [LYMPHOCYTE_RADIUS_80]] OVER [CANCER CELLS]] IN [EPITHELIAL]_HE",10
"COUNT PROP [[[CANCER CELLS] SELECTED BY [LYMPHOCYTE_RADIUS_80]] OVER [CANCER CELLS]] IN [ESI_0080]_HE",10
"COUNT PROP [[[CANCER CELLS] SELECTED BY [LYMPHOCYTE_RADIUS_80]] OVER [CANCER CELLS]] IN [STROMA]_HE",10
"COUNT PROP [[[CANCER CELLS] SELECTED BY [LYMPHOCYTE_RADIUS_80]] OVER [CANCER CELLS]] IN [TUMOR]_HE",10
"COUNT PROP [[[CANCER CELLS] SELECTED BY [LYMPHOCYTE_RADIUS_80]] OVER [[CANCER CELLS] SELECTED BY [FIBROBLAST_RADIUS_80]]] IN [EPITHELIAL]_HE",13
"COUNT PROP [[[CANCER CELLS] SELECTED BY [LYMPHOCYTE_RADIUS_80]] OVER [[CANCER CELLS] SELECTED BY [FIBROBLAST_RADIUS_80]]] IN [ESI_0080]_HE",13
"COUNT PROP [[[CANCER CELLS] SELECTED BY [LYMPHOCYTE_RADIUS_80]] OVER [[CANCER CELLS] SELECTED BY [FIBROBLAST_RADIUS_80]]] IN [STROMA]_HE",13
"COUNT PROP [[[CANCER CELLS] SELECTED BY [LYMPHOCYTE_RADIUS_80]] OVER [[CANCER CELLS] SELECTED BY [FIBROBLAST_RADIUS_80]]] IN [TUMOR]_HE",13
"COUNT PROP [[[CANCER CELLS] SELECTED BY [LYMPHOCYTE_RADIUS_80]] OVER [[CANCER CELLS] SELECTED BY [MACROPHAGE_RADIUS_80]]] IN [EPITHELIAL]_HE",7
"COUNT PROP [[[CANCER CELLS] SELECTED BY [LYMPHOCYTE_RADIUS_80]] OVER [[CANCER CELLS] SELECTED BY [MACROPHAGE_RADIUS_80]]] IN [ESI_0080]_HE",7
"COUNT PROP [[[CANCER CELLS] SELECTED BY [LYMPHOCYTE_RADIUS_80]] OVER [[CANCER CELLS] SELECTED BY [MACROPHAGE_RADIUS_80]]] IN [STROMA]_HE",7
"COUNT PROP [[[CANCER CELLS] SELECTED BY [LYMPHOCYTE_RADIUS_80]] OVER [[CANCER CELLS] SELECTED BY [MACROPHAGE_RADIUS_80]]] IN [TUMOR]_HE",7
"COUNT PROP [[[CANCER CELLS] SELECTED BY [LYMPHOCYTE_RADIUS_80]] OVER [[CANCER CELLS] SELECTED BY [PLASMA_RADIUS_80]]] IN [EPITHELIAL]_HE",8
"COUNT PROP [[[CANCER CELLS] SELECTED BY [LYMPHOCYTE_RADIUS_80]] OVER [[CANCER CELLS] SELECTED BY [PLASMA_RADIUS_80]]] IN [ESI_0080]_HE",9
"COUNT PROP [[[CANCER CELLS] SELECTED BY [LYMPHOCYTE_RADIUS_80]] OVER [[CANCER CELLS] SELECTED BY [PLASMA_RADIUS_80]]] IN [STROMA]_HE",9
"COUNT PROP [[[CANCER CELLS] SELECTED BY [LYMPHOCYTE_RADIUS_80]] OVER [[CANCER CELLS] SELECTED BY [PLASMA_RADIUS_80]]] IN [TUMOR]_HE",9
"COUNT PROP [[[CANCER CELLS] SELECTED BY [MACROPHAGE_RADIUS_80]] OVER [CANCER CELLS]] IN [EPITHELIAL]_HE",7
"COUNT PROP [[[CANCER CELLS] SELECTED BY [MACROPHAGE_RADIUS_80]] OVER [CANCER CELLS]] IN [ESI_0080]_HE",7
"COUNT PROP [[[CANCER CELLS] SELECTED BY [MACROPHAGE_RADIUS_80]] OVER [CANCER CELLS]] IN [STROMA]_HE",7
"COUNT PROP [[[CANCER CELLS] SELECTED BY [MACROPHAGE_RADIUS_80]] OVER [CANCER CELLS]] IN [TUMOR]_HE",7
"COUNT PROP [[[CANCER CELLS] SELECTED BY [MACROPHAGE_RADIUS_80]] OVER [[CANCER CELLS] SELECTED BY [FIBROBLAST_RADIUS_80]]] IN [EPITHELIAL]_HE",7
"COUNT PROP [[[CANCER CELLS] SELECTED BY [MACROPHAGE_RADIUS_80]] OVER [[CANCER CELLS] SELECTED BY [FIBROBLAST_RADIUS_80]]] IN [ESI_0080]_HE",7
"COUNT PROP [[[CANCER CELLS] SELECTED BY [MACROPHAGE_RADIUS_80]] OVER [[CANCER CELLS] SELECTED BY [FIBROBLAST_RADIUS_80]]] IN [STROMA]_HE",7
"COUNT PROP [[[CANCER CELLS] SELECTED BY [MACROPHAGE_RADIUS_80]] OVER [[CANCER CELLS] SELECTED BY [FIBROBLAST_RADIUS_80]]] IN [TUMOR]_HE",7
"COUNT PROP [[[CANCER CELLS] SELECTED BY [MACROPHAGE_RADIUS_80]] OVER [[CANCER CELLS] SELECTED BY [LYMPHOCYTE_RADIUS_80]]] IN [EPITHELIAL]_HE",7
"COUNT PROP [[[CANCER CELLS] SELECTED BY [MACROPHAGE_RADIUS_80]] OVER [[CANCER CELLS] SELECTED BY [LYMPHOCYTE_RADIUS_80]]] IN [ESI_0080]_HE",7
"COUNT PROP [[[CANCER CELLS] SELECTED BY [MACROPHAGE_RADIUS_80]] OVER [[CANCER CELLS] SELECTED BY [LYMPHOCYTE_RADIUS_80]]] IN [STROMA]_HE",7
"COUNT PROP [[[CANCER CELLS] SELECTED BY [MACROPHAGE_RADIUS_80]] OVER [[CANCER CELLS] SELECTED BY [LYMPHOCYTE_RADIUS_80]]] IN [TUMOR]_HE",7
"COUNT PROP [[[CANCER CELLS] SELECTED BY [MACROPHAGE_RADIUS_80]] OVER [[CANCER CELLS] SELECTED BY [PLASMA_RADIUS_80]]] IN [EPITHELIAL]_HE",8
"COUNT PROP [[[CANCER CELLS] SELECTED BY [MACROPHAGE_RADIUS_80]] OVER [[CANCER CELLS] SELECTED BY [PLASMA_RADIUS_80]]] IN [ESI_0080]_HE",8
"COUNT PROP [[[CANCER CELLS] SELECTED BY [MACROPHAGE_RADIUS_80]] OVER [[CANCER CELLS] SELECTED BY [PLASMA_RADIUS_80]]] IN [STROMA]_HE",8
"COUNT PROP [[[CANCER CELLS] SELECTED BY [MACROPHAGE_RADIUS_80]] OVER [[CANCER CELLS] SELECTED BY [PLASMA_RADIUS_80]]] IN [TUMOR]_HE",8
"COUNT PROP [[[CANCER CELLS] SELECTED BY [PLASMA_RADIUS_80]] OVER [CANCER CELLS]] IN [EPITHELIAL]_HE",8
"COUNT PROP [[[CANCER CELLS] SELECTED BY [PLASMA_RADIUS_80]] OVER [CANCER CELLS]] IN [ESI_0080]_HE",9
"COUNT PROP [[[CANCER CELLS] SELECTED BY [PLASMA_RADIUS_80]] OVER [CANCER CELLS]] IN [STROMA]_HE",9
"COUNT PROP [[[CANCER CELLS] SELECTED BY [PLASMA_RADIUS_80]] OVER [CANCER CELLS]] IN [TUMOR]_HE",9
"COUNT PROP [[[CANCER CELLS] SELECTED BY [PLASMA_RADIUS_80]] OVER [[CANCER CELLS] SELECTED BY [FIBROBLAST_RADIUS_80]]] IN [EPITHELIAL]_HE",8
"COUNT PROP [[[CANCER CELLS] SELECTED BY [PLASMA_RADIUS_80]] OVER [[CANCER CELLS] SELECTED BY [FIBROBLAST_RADIUS_80]]] IN [ESI_0080]_HE",9
"COUNT PROP [[[CANCER CELLS] SELECTED BY [PLASMA_RADIUS_80]] OVER [[CANCER CELLS] SELECTED BY [FIBROBLAST_RADIUS_80]]] IN [STROMA]_HE",9
"COUNT PROP [[[CANCER CELLS] SELECTED BY [PLASMA_RADIUS_80]] OVER [[CANCER CELLS] SELECTED BY [FIBROBLAST_RADIUS_80]]] IN [TUMOR]_HE",9
"COUNT PROP [[[CANCER CELLS] SELECTED BY [PLASMA_RADIUS_80]] OVER [[CANCER CELLS] SELECTED BY [LYMPHOCYTE_RADIUS_80]]] IN [EPITHELIAL]_HE",8
"COUNT PROP [[[CANCER CELLS] SELECTED BY [PLASMA_RADIUS_80]] OVER [[CANCER CELLS] SELECTED BY [LYMPHOCYTE_RADIUS_80]]] IN [ESI_0080]_HE",9
"COUNT PROP [[[CANCER CELLS] SELECTED BY [PLASMA_RADIUS_80]] OVER [[CANCER CELLS] SELECTED BY [LYMPHOCYTE_RADIUS_80]]] IN [STROMA]_HE",9
"COUNT PROP [[[CANCER CELLS] SELECTED BY [PLASMA_RADIUS_80]] OVER [[CANCER CELLS] SELECTED BY [LYMPHOCYTE_RADIUS_80]]] IN [TUMOR]_HE",9
"COUNT PROP [[[CANCER CELLS] SELECTED BY [PLASMA_RADIUS_80]] OVER [[CANCER CELLS] SELECTED BY [MACROPHAGE_RADIUS_80]]] IN [EPITHELIAL]_HE",8
"COUNT PROP [[[CANCER CELLS] SELECTED BY [PLASMA_RADIUS_80]] OVER [[CANCER CELLS] SELECTED BY [MACROPHAGE_RADIUS_80]]] IN [ESI_0080]_HE",8
"COUNT PROP [[[CANCER CELLS] SELECTED BY [PLASMA_RADIUS_80]] OVER [[CANCER CELLS] SELECTED BY [MACROPHAGE_RADIUS_80]]] IN [STROMA]_HE",8
"COUNT PROP [[[CANCER CELLS] SELECTED BY [PLASMA_RADIUS_80]] OVER [[CANCER CELLS] SELECTED BY [MACROPHAGE_RADIUS_80]]] IN [TUMOR]_HE",8
"DENSITY RATIO [CANCER CELLS] IN [[EPITHELIAL] OVER [ESI_0080]]_HE",4
"DENSITY RATIO [CANCER CELLS] IN [[EPITHELIAL] OVER [STROMA]]_HE",13
"DENSITY RATIO [CANCER CELLS] IN [[EPITHELIAL] OVER [TUMOR]]_HE",4
"DENSITY RATIO [CANCER CELLS] IN [[ESI_0080] OVER [EPITHELIAL]]_HE",4
"DENSITY RATIO [CANCER CELLS] IN [[ESI_0080] OVER [STROMA]]_HE",13
"DENSITY RATIO [CANCER CELLS] IN [[ESI_0080] OVER [TUMOR]]_HE",4
"DENSITY RATIO [CANCER CELLS] IN [[STROMA] OVER [EPITHELIAL]]_HE",13
"DENSITY RATIO [CANCER CELLS] IN [[STROMA] OVER [ESI_0080]]_HE",13
"DENSITY RATIO [CANCER CELLS] IN [[STROMA] OVER [TUMOR]]_HE",13
"DENSITY RATIO [CANCER CELLS] IN [[TUMOR] OVER [EPITHELIAL]]_HE",4
"DENSITY RATIO [CANCER CELLS] IN [[TUMOR] OVER [ESI_0080]]_HE",4
"DENSITY RATIO [CANCER CELLS] IN [[TUMOR] OVER [STROMA]]_HE",13
"DENSITY RATIO [FIBROBLAST CELLS] IN [[EPITHELIAL] OVER [ESI_0080]]_HE",12
"DENSITY RATIO [FIBROBLAST CELLS] IN [[EPITHELIAL] OVER [STROMA]]_HE",12
"DENSITY RATIO [FIBROBLAST CELLS] IN [[EPITHELIAL] OVER [TUMOR]]_HE",12
"DENSITY RATIO [FIBROBLAST CELLS] IN [[ESI_0080] OVER [EPITHELIAL]]_HE",12
"DENSITY RATIO [FIBROBLAST CELLS] IN [[ESI_0080] OVER [STROMA]]_HE",4
"DENSITY RATIO [FIBROBLAST CELLS] IN [[ESI_0080] OVER [TUMOR]]_HE",15
"DENSITY RATIO [FIBROBLAST CELLS] IN [[STROMA] OVER [EPITHELIAL]]_HE",12
"DENSITY RATIO [FIBROBLAST CELLS] IN [[STROMA] OVER [ESI_0080]]_HE",4
"DENSITY RATIO [FIBROBLAST CELLS] IN [[STROMA] OVER [TUMOR]]_HE",4
"DENSITY RATIO [FIBROBLAST CELLS] IN [[TUMOR] OVER [EPITHELIAL]]_HE",12
"DENSITY RATIO [FIBROBLAST CELLS] IN [[TUMOR] OVER [ESI_0080]]_HE",15
"DENSITY RATIO [FIBROBLAST CELLS] IN [[TUMOR] OVER [STROMA]]_HE",4
"DENSITY RATIO [LYMPHOCYTE CELLS] IN [[EPITHELIAL] OVER [ESI_0080]]_HE",16
"DENSITY RATIO [LYMPHOCYTE CELLS] IN [[EPITHELIAL] OVER [STROMA]]_HE",16
"DENSITY RATIO [LYMPHOCYTE CELLS] IN [[EPITHELIAL] OVER [TUMOR]]_HE",16
"DENSITY RATIO [LYMPHOCYTE CELLS] IN [[ESI_0080] OVER [EPITHELIAL]]_HE",16
"DENSITY RATIO [LYMPHOCYTE CELLS] IN [[ESI_0080] OVER [STROMA]]_HE",12
"DENSITY RATIO [LYMPHOCYTE CELLS] IN [[ESI_0080] OVER [TUMOR]]_HE",11
"DENSITY RATIO [LYMPHOCYTE CELLS] IN [[STROMA] OVER [EPITHELIAL]]_HE",16
"DENSITY RATIO [LYMPHOCYTE CELLS] IN [[STROMA] OVER [ESI_0080]]_HE",12
"DENSITY RATIO [LYMPHOCYTE CELLS] IN [[STROMA] OVER [TUMOR]]_HE",4
"DENSITY RATIO [LYMPHOCYTE CELLS] IN [[TUMOR] OVER [EPITHELIAL]]_HE",16
"DENSITY RATIO [LYMPHOCYTE CELLS] IN [[TUMOR] OVER [ESI_0080]]_HE",11
"DENSITY RATIO [LYMPHOCYTE CELLS] IN [[TUMOR] OVER [STROMA]]_HE",4
"DENSITY RATIO [MACROPHAGE CELLS] IN [[EPITHELIAL] OVER [ESI_0080]]_HE",16
"DENSITY RATIO [MACROPHAGE CELLS] IN [[EPITHELIAL] OVER [STROMA]]_HE",16
"DENSITY RATIO [MACROPHAGE CELLS] IN [[EPITHELIAL] OVER [TUMOR]]_HE",16
"DENSITY RATIO [MACROPHAGE CELLS] IN [[ESI_0080] OVER [EPITHELIAL]]_HE",16
"DENSITY RATIO [MACROPHAGE CELLS] IN [[ESI_0080] OVER [STROMA]]_HE",12
"DENSITY RATIO [MACROPHAGE CELLS] IN [[ESI_0080] OVER [TUMOR]]_HE",11
"DENSITY RATIO [MACROPHAGE CELLS] IN [[STROMA] OVER [EPITHELIAL]]_HE",16
"DENSITY RATIO [MACROPHAGE CELLS] IN [[STROMA] OVER [ESI_0080]]_HE",12
"DENSITY RATIO [MACROPHAGE CELLS] IN [[STROMA] OVER [TUMOR]]_HE",4
"DENSITY RATIO [MACROPHAGE CELLS] IN [[TUMOR] OVER [EPITHELIAL]]_HE",16
"DENSITY RATIO [MACROPHAGE CELLS] IN [[TUMOR] OVER [ESI_0080]]_HE",11
"DENSITY RATIO [MACROPHAGE CELLS] IN [[TUMOR] OVER [STROMA]]_HE",4
"DENSITY RATIO [PLASMA CELLS] IN [[EPITHELIAL] OVER [ESI_0080]]_HE",16
"DENSITY RATIO [PLASMA CELLS] IN [[EPITHELIAL] OVER [STROMA]]_HE",16
"DENSITY RATIO [PLASMA CELLS] IN [[EPITHELIAL] OVER [TUMOR]]_HE",16
"DENSITY RATIO [PLASMA CELLS] IN [[ESI_0080] OVER [EPITHELIAL]]_HE",16
"DENSITY RATIO [PLASMA CELLS] IN [[ESI_0080] OVER [STROMA]]_HE",12
"DENSITY RATIO [PLASMA CELLS] IN [[ESI_0080] OVER [TUMOR]]_HE",11
"DENSITY RATIO [PLASMA CELLS] IN [[STROMA] OVER [EPITHELIAL]]_HE",16
"DENSITY RATIO [PLASMA CELLS] IN [[STROMA] OVER [ESI_0080]]_HE",12
"DENSITY RATIO [PLASMA CELLS] IN [[STROMA] OVER [TUMOR]]_HE",4
"DENSITY RATIO [PLASMA CELLS] IN [[TUMOR] OVER [EPITHELIAL]]_HE",16
"DENSITY RATIO [PLASMA CELLS] IN [[TUMOR] OVER [ESI_0080]]_HE",11
"DENSITY RATIO [PLASMA CELLS] IN [[TUMOR] OVER [STROMA]]_HE",4
"DENSITY RATIO [[LYMPHOCYTE CELLS] OVER [CANCER CELLS]] IN [EPITHELIAL]_HE",10
"DENSITY RATIO [[LYMPHOCYTE CELLS] OVER [CANCER CELLS]] IN [ESI_0080]_HE",10
"DENSITY RATIO [[LYMPHOCYTE CELLS] OVER [CANCER CELLS]] IN [STROMA]_HE",10
"DENSITY RATIO [[LYMPHOCYTE CELLS] OVER [CANCER CELLS]] IN [TUMOR]_HE",10
"DENSITY [CANCER CELLS] IN [EPITHELIAL]_HE",12
"DENSITY [CANCER CELLS] IN [ESI_0080]_HE",12
"DENSITY [CANCER CELLS] IN [STROMA]_HE",13
"DENSITY [CANCER CELLS] IN [TUMOR]_HE",12
"DENSITY [FIBROBLAST CELLS] IN [EPITHELIAL]_HE",14
"DENSITY [FIBROBLAST CELLS] IN [ESI_0080]_HE",14
"DENSITY [FIBROBLAST CELLS] IN [STROMA]_HE",14
"DENSITY [FIBROBLAST CELLS] IN [TUMOR]_HE",14
"DENSITY [LYMPHOCYTE CELLS] IN [EPITHELIAL]_HE",10
"DENSITY [LYMPHOCYTE CELLS] IN [ESI_0080]_HE",10
"DENSITY [LYMPHOCYTE CELLS] IN [STROMA]_HE",10
"DENSITY [LYMPHOCYTE CELLS] IN [TUMOR]_HE",10
"DENSITY [MACROPHAGE CELLS] IN [EPITHELIAL]_HE",7
"DENSITY [MACROPHAGE CELLS] IN [ESI_0080]_HE",7
"DENSITY [MACROPHAGE CELLS] IN [STROMA]_HE",7
"DENSITY [MACROPHAGE CELLS] IN [TUMOR]_HE",7
"DENSITY [PLASMA CELLS] IN [EPITHELIAL]_HE",8
"DENSITY [PLASMA CELLS] IN [ESI_0080]_HE",9
"DENSITY [PLASMA CELLS] IN [STROMA]_HE",9
"DENSITY [PLASMA CELLS] IN [TUMOR]_HE",9
"REGION PROPERTIES: AREA (MM2) OF LARGEST REGION OF EPITHELIAL_HE",11
"REGION PROPERTIES: AREA (MM2) OF LARGEST REGION OF ESI_0080_HE",3
"REGION PROPERTIES: AREA (MM2) OF LARGEST REGION OF NECROSIS_HE",2
"REGION PROPERTIES: AREA (MM2) OF LARGEST REGION OF STROMA_HE",3
"REGION PROPERTIES: AREA (MM2) OF LARGEST REGION OF TUMOR_HE",1
"REGION PROPERTIES: AVERAGE ECCENTRICITY OF SIGNIFICANT REGIONS OF EPITHELIAL_HE",4
"REGION PROPERTIES: AVERAGE ECCENTRICITY OF SIGNIFICANT REGIONS OF ESI_0080_HE",17
"REGION PROPERTIES: AVERAGE ECCENTRICITY OF SIGNIFICANT REGIONS OF NECROSIS_HE",18
"REGION PROPERTIES: AVERAGE ECCENTRICITY OF SIGNIFICANT REGIONS OF STROMA_HE",17
"REGION PROPERTIES: AVERAGE ECCENTRICITY OF SIGNIFICANT REGIONS OF TUMOR_HE",17
"REGION PROPERTIES: AVERAGE EXTENT OF SIGNIFICANT REGIONS OF EPITHELIAL_HE",7
"REGION PROPERTIES: AVERAGE EXTENT OF SIGNIFICANT REGIONS OF ESI_0080_HE",5
"REGION PROPERTIES: AVERAGE EXTENT OF SIGNIFICANT REGIONS OF NECROSIS_HE",2
"REGION PROPERTIES: AVERAGE EXTENT OF SIGNIFICANT REGIONS OF STROMA_HE",4
"REGION PROPERTIES: AVERAGE EXTENT OF SIGNIFICANT REGIONS OF TUMOR_HE",6
"REGION PROPERTIES: AVERAGE SOLIDITY OF SIGNIFICANT REGIONS OF EPITHELIAL_HE",7
"REGION PROPERTIES: AVERAGE SOLIDITY OF SIGNIFICANT REGIONS OF ESI_0080_HE",5
"REGION PROPERTIES: AVERAGE SOLIDITY OF SIGNIFICANT REGIONS OF NECROSIS_HE",2
"REGION PROPERTIES: AVERAGE SOLIDITY OF SIGNIFICANT REGIONS OF STROMA_HE",4
"REGION PROPERTIES: AVERAGE SOLIDITY OF SIGNIFICANT REGIONS OF TUMOR_HE",6
"REGION PROPERTIES: CONVEX AREA (MM2) OF LARGEST REGION OF EPITHELIAL_HE",11
"REGION PROPERTIES: CONVEX AREA (MM2) OF LARGEST REGION OF ESI_0080_HE",3
"REGION PROPERTIES: CONVEX AREA (MM2) OF LARGEST REGION OF NECROSIS_HE",2
"REGION PROPERTIES: CONVEX AREA (MM2) OF LARGEST REGION OF STROMA_HE",3
"REGION PROPERTIES: CONVEX AREA (MM2) OF LARGEST REGION OF TUMOR_HE",1
"REGION PROPERTIES: ECCENTRICITY OF LARGEST REGION OF EPITHELIAL_HE",4
"REGION PROPERTIES: ECCENTRICITY OF LARGEST REGION OF ESI_0080_HE",17
"REGION PROPERTIES: ECCENTRICITY OF LARGEST REGION OF NECROSIS_HE",18
"REGION PROPERTIES: ECCENTRICITY OF LARGEST REGION OF STROMA_HE",17
"REGION PROPERTIES: ECCENTRICITY OF LARGEST REGION OF TUMOR_HE",17
"REGION PROPERTIES: EULER NUMBER OF LARGEST REGION OF EPITHELIAL_HE",11
"REGION PROPERTIES: EULER NUMBER OF LARGEST REGION OF ESI_0080_HE",19
"REGION PROPERTIES: EULER NUMBER OF LARGEST REGION OF NECROSIS_HE",2
"REGION PROPERTIES: EULER NUMBER OF LARGEST REGION OF STROMA_HE",3
"REGION PROPERTIES: EULER NUMBER OF LARGEST REGION OF TUMOR_HE",19
"REGION PROPERTIES: EXTENT OF LARGEST REGION OF EPITHELIAL_HE",7
"REGION PROPERTIES: EXTENT OF LARGEST REGION OF ESI_0080_HE",5
"REGION PROPERTIES: EXTENT OF LARGEST REGION OF NECROSIS_HE",2
"REGION PROPERTIES: EXTENT OF LARGEST REGION OF STROMA_HE",4
"REGION PROPERTIES: EXTENT OF LARGEST REGION OF TUMOR_HE",6
"REGION PROPERTIES: FILLED AREA (MM2) OF LARGEST REGION OF EPITHELIAL_HE",11
"REGION PROPERTIES: FILLED AREA (MM2) OF LARGEST REGION OF ESI_0080_HE",3
"REGION PROPERTIES: FILLED AREA (MM2) OF LARGEST REGION OF NECROSIS_HE",2
"REGION PROPERTIES: FILLED AREA (MM2) OF LARGEST REGION OF STROMA_HE",3
"REGION PROPERTIES: FILLED AREA (MM2) OF LARGEST REGION OF TUMOR_HE",1
"REGION PROPERTIES: FRACTAL DIMENSION OF EPITHELIAL_HE",19
"REGION PROPERTIES: FRACTAL DIMENSION OF ESI_0080_HE",19
"REGION PROPERTIES: FRACTAL DIMENSION OF LARGEST REGION OF EPITHELIAL_HE",11
"REGION PROPERTIES: FRACTAL DIMENSION OF LARGEST REGION OF ESI_0080_HE",19
"REGION PROPERTIES: FRACTAL DIMENSION OF LARGEST REGION OF NECROSIS_HE",2
"REGION PROPERTIES: FRACTAL DIMENSION OF LARGEST REGION OF STROMA_HE",3
"REGION PROPERTIES: FRACTAL DIMENSION OF LARGEST REGION OF TUMOR_HE",19
"REGION PROPERTIES: FRACTAL DIMENSION OF NECROSIS_HE",2
"REGION PROPERTIES: FRACTAL DIMENSION OF STROMA_HE",3
"REGION PROPERTIES: FRACTAL DIMENSION OF TUMOR_HE",19
"REGION PROPERTIES: LACUNARITY OF EPITHELIAL_HE",6
"REGION PROPERTIES: LACUNARITY OF ESI_0080_HE",6
"REGION PROPERTIES: LACUNARITY OF LARGEST REGION OF EPITHELIAL_HE",4
"REGION PROPERTIES: LACUNARITY OF LARGEST REGION OF ESI_0080_HE",3
"REGION PROPERTIES: LACUNARITY OF LARGEST REGION OF NECROSIS_HE",20
"REGION PROPERTIES: LACUNARITY OF LARGEST REGION OF STROMA_HE",3
"REGION PROPERTIES: LACUNARITY OF LARGEST REGION OF TUMOR_HE",6
"REGION PROPERTIES: LACUNARITY OF NECROSIS_HE",2
"REGION PROPERTIES: LACUNARITY OF STROMA_HE",3
"REGION PROPERTIES: LACUNARITY OF TUMOR_HE",6
"REGION PROPERTIES: MAJOR AXIS LENGTH (MM) OF LARGEST REGION OF EPITHELIAL_HE",11
"REGION PROPERTIES: MAJOR AXIS LENGTH (MM) OF LARGEST REGION OF ESI_0080_HE",3
"REGION PROPERTIES: MAJOR AXIS LENGTH (MM) OF LARGEST REGION OF NECROSIS_HE",2
"REGION PROPERTIES: MAJOR AXIS LENGTH (MM) OF LARGEST REGION OF STROMA_HE",3
"REGION PROPERTIES: MAJOR AXIS LENGTH (MM) OF LARGEST REGION OF TUMOR_HE",1
"REGION PROPERTIES: MINOR AXIS LENGTH (MM) OF LARGEST REGION OF EPITHELIAL_HE",11
"REGION PROPERTIES: MINOR AXIS LENGTH (MM) OF LARGEST REGION OF ESI_0080_HE",3
"REGION PROPERTIES: MINOR AXIS LENGTH (MM) OF LARGEST REGION OF NECROSIS_HE",2
"REGION PROPERTIES: MINOR AXIS LENGTH (MM) OF LARGEST REGION OF STROMA_HE",3
"REGION PROPERTIES: MINOR AXIS LENGTH (MM) OF LARGEST REGION OF TUMOR_HE",1
"REGION PROPERTIES: NUMBER OF REGIONS OF EPITHELIAL_HE",19
"REGION PROPERTIES: NUMBER OF REGIONS OF ESI_0080_HE",19
"REGION PROPERTIES: NUMBER OF REGIONS OF NECROSIS_HE",2
"REGION PROPERTIES: NUMBER OF REGIONS OF STROMA_HE",19
"REGION PROPERTIES: NUMBER OF REGIONS OF TUMOR_HE",19
"REGION PROPERTIES: NUMBER OF SIGNIFICANT REGIONS OF EPITHELIAL_HE",11
"REGION PROPERTIES: NUMBER OF SIGNIFICANT REGIONS OF ESI_0080_HE",3
"REGION PROPERTIES: NUMBER OF SIGNIFICANT REGIONS OF NECROSIS_HE",20
"REGION PROPERTIES: NUMBER OF SIGNIFICANT REGIONS OF STROMA_HE",3
"REGION PROPERTIES: NUMBER OF SIGNIFICANT REGIONS OF TUMOR_HE",3
"REGION PROPERTIES: PERIMETER (MM) OF LARGEST REGION OF EPITHELIAL_HE",11
"REGION PROPERTIES: PERIMETER (MM) OF LARGEST REGION OF ESI_0080_HE",19
"REGION PROPERTIES: PERIMETER (MM) OF LARGEST REGION OF NECROSIS_HE",2
"REGION PROPERTIES: PERIMETER (MM) OF LARGEST REGION OF STROMA_HE",3
"REGION PROPERTIES: PERIMETER (MM) OF LARGEST REGION OF TUMOR_HE",19
"REGION PROPERTIES: PERIMETER^2 / AREA OF EPITHELIAL_HE",19
"REGION PROPERTIES: PERIMETER^2 / AREA OF ESI_0080_HE",19
"REGION PROPERTIES: PERIMETER^2 / AREA OF LARGEST REGION OF EPITHELIAL_HE",11
"REGION PROPERTIES: PERIMETER^2 / AREA OF LARGEST REGION OF ESI_0080_HE",19
"REGION PROPERTIES: PERIMETER^2 / AREA OF LARGEST REGION OF NECROSIS_HE",2
"REGION PROPERTIES: PERIMETER^2 / AREA OF LARGEST REGION OF STROMA_HE",3
"REGION PROPERTIES: PERIMETER^2 / AREA OF LARGEST REGION OF TUMOR_HE",19
"REGION PROPERTIES: PERIMETER^2 / AREA OF NECROSIS_HE",2
"REGION PROPERTIES: PERIMETER^2 / AREA OF SIGNIFICANT REGIONS OF EPITHELIAL_HE",19
"REGION PROPERTIES: PERIMETER^2 / AREA OF SIGNIFICANT REGIONS OF ESI_0080_HE",19
"REGION PROPERTIES: PERIMETER^2 / AREA OF SIGNIFICANT REGIONS OF NECROSIS_HE",2
"REGION PROPERTIES: PERIMETER^2 / AREA OF SIGNIFICANT REGIONS OF STROMA_HE",3
"REGION PROPERTIES: PERIMETER^2 / AREA OF SIGNIFICANT REGIONS OF TUMOR_HE",19
"REGION PROPERTIES: PERIMETER^2 / AREA OF STROMA_HE",19
"REGION PROPERTIES: PERIMETER^2 / AREA OF TUMOR_HE",19
"REGION PROPERTIES: SOLIDITY OF LARGEST REGION OF EPITHELIAL_HE",7
"REGION PROPERTIES: SOLIDITY OF LARGEST REGION OF ESI_0080_HE",5
"REGION PROPERTIES: SOLIDITY OF LARGEST REGION OF NECROSIS_HE",2
"REGION PROPERTIES: SOLIDITY OF LARGEST REGION OF STROMA_HE",4
"REGION PROPERTIES: SOLIDITY OF LARGEST REGION OF TUMOR_HE",6
"REGION PROPERTIES: STANDARD DEVIATION OF ECCENTRICITIES OF SIGNIFICANT REGIONS OF EPITHELIAL_HE",11
"REGION PROPERTIES: STANDARD DEVIATION OF ECCENTRICITIES OF SIGNIFICANT REGIONS OF ESI_0080_HE",3
"REGION PROPERTIES: STANDARD DEVIATION OF ECCENTRICITIES OF SIGNIFICANT REGIONS OF NECROSIS_HE",18
"REGION PROPERTIES: STANDARD DEVIATION OF ECCENTRICITIES OF SIGNIFICANT REGIONS OF STROMA_HE",3
"REGION PROPERTIES: STANDARD DEVIATION OF ECCENTRICITIES OF SIGNIFICANT REGIONS OF TUMOR_HE",3
"REGION PROPERTIES: STANDARD DEVIATION OF EXTENTS OF SIGNIFICANT REGIONS OF EPITHELIAL_HE",11
"REGION PROPERTIES: STANDARD DEVIATION OF EXTENTS OF SIGNIFICANT REGIONS OF ESI_0080_HE",3
"REGION PROPERTIES: STANDARD DEVIATION OF EXTENTS OF SIGNIFICANT REGIONS OF NECROSIS_HE",20
"REGION PROPERTIES: STANDARD DEVIATION OF EXTENTS OF SIGNIFICANT REGIONS OF STROMA_HE",3
"REGION PROPERTIES: STANDARD DEVIATION OF EXTENTS OF SIGNIFICANT REGIONS OF TUMOR_HE",3
"REGION PROPERTIES: STANDARD DEVIATION OF SOLIDITIES OF SIGNIFICANT REGIONS OF EPITHELIAL_HE",11
"REGION PROPERTIES: STANDARD DEVIATION OF SOLIDITIES OF SIGNIFICANT REGIONS OF ESI_0080_HE",3
"REGION PROPERTIES: STANDARD DEVIATION OF SOLIDITIES OF SIGNIFICANT REGIONS OF NECROSIS_HE",20
"REGION PROPERTIES: STANDARD DEVIATION OF SOLIDITIES OF SIGNIFICANT REGIONS OF STROMA_HE",3
"REGION PROPERTIES: STANDARD DEVIATION OF SOLIDITIES OF SIGNIFICANT REGIONS OF TUMOR_HE",3
"REGION PROPERTIES: TOTAL CONVEX AREA (MM2) OF EPITHELIAL_HE",1
"REGION PROPERTIES: TOTAL CONVEX AREA (MM2) OF ESI_0080_HE",1
"REGION PROPERTIES: TOTAL CONVEX AREA (MM2) OF NECROSIS_HE",2
"REGION PROPERTIES: TOTAL CONVEX AREA (MM2) OF STROMA_HE",3
"REGION PROPERTIES: TOTAL CONVEX AREA (MM2) OF TUMOR_HE",1
"REGION PROPERTIES: TOTAL EULER NUMBER OF EPITHELIAL_HE",4
"REGION PROPERTIES: TOTAL EULER NUMBER OF ESI_0080_HE",19
"REGION PROPERTIES: TOTAL EULER NUMBER OF NECROSIS_HE",1
"REGION PROPERTIES: TOTAL EULER NUMBER OF STROMA_HE",3
"REGION PROPERTIES: TOTAL EULER NUMBER OF TUMOR_HE",19
"REGION PROPERTIES: TOTAL FILLED AREA (MM2) OF EPITHELIAL_HE",1
"REGION PROPERTIES: TOTAL FILLED AREA (MM2) OF ESI_0080_HE",1
"REGION PROPERTIES: TOTAL FILLED AREA (MM2) OF NECROSIS_HE",2
"REGION PROPERTIES: TOTAL FILLED AREA (MM2) OF STROMA_HE",3
"REGION PROPERTIES: TOTAL FILLED AREA (MM2) OF TUMOR_HE",1
"REGION PROPERTIES: TOTAL MAJOR AXIS LENGTH (MM) OF EPITHELIAL_HE",19
"REGION PROPERTIES: TOTAL MAJOR AXIS LENGTH (MM) OF ESI_0080_HE",19
"REGION PROPERTIES: TOTAL MAJOR AXIS LENGTH (MM) OF NECROSIS_HE",2
"REGION PROPERTIES: TOTAL MAJOR AXIS LENGTH (MM) OF STROMA_HE",19
"REGION PROPERTIES: TOTAL MAJOR AXIS LENGTH (MM) OF TUMOR_HE",19
"REGION PROPERTIES: TOTAL MINOR AXIS LENGTH (MM) OF EPITHELIAL_HE",19
"REGION PROPERTIES: TOTAL MINOR AXIS LENGTH (MM) OF ESI_0080_HE",19
"REGION PROPERTIES: TOTAL MINOR AXIS LENGTH (MM) OF NECROSIS_HE",2
"REGION PROPERTIES: TOTAL MINOR AXIS LENGTH (MM) OF STROMA_HE",19
"REGION PROPERTIES: TOTAL MINOR AXIS LENGTH (MM) OF TUMOR_HE",19
"REGION PROPERTIES: TOTAL PERIMETER (MM) OF EPITHELIAL_HE",19
"REGION PROPERTIES: TOTAL PERIMETER (MM) OF ESI_0080_HE",19
"REGION PROPERTIES: TOTAL PERIMETER (MM) OF NECROSIS_HE",2
"REGION PROPERTIES: TOTAL PERIMETER (MM) OF STROMA_HE",3
"REGION PROPERTIES: TOTAL PERIMETER (MM) OF TUMOR_HE",19
"TOTAL [CANCER CELLS] IN [EPITHELIAL] SELECTED BY [FIBROBLAST_RADIUS_80]_HE",1
"TOTAL [CANCER CELLS] IN [EPITHELIAL] SELECTED BY [LYMPHOCYTE_RADIUS_80]_HE",1
"TOTAL [CANCER CELLS] IN [EPITHELIAL] SELECTED BY [MACROPHAGE_RADIUS_80]_HE",1
"TOTAL [CANCER CELLS] IN [EPITHELIAL] SELECTED BY [PLASMA_RADIUS_80]_HE",1
"TOTAL [CANCER CELLS] IN [EPITHELIAL]_HE",1
"TOTAL [CANCER CELLS] IN [ESI_0080] SELECTED BY [FIBROBLAST_RADIUS_80]_HE",1
"TOTAL [CANCER CELLS] IN [ESI_0080] SELECTED BY [LYMPHOCYTE_RADIUS_80]_HE",1
"TOTAL [CANCER CELLS] IN [ESI_0080] SELECTED BY [MACROPHAGE_RADIUS_80]_HE",1
"TOTAL [CANCER CELLS] IN [ESI_0080] SELECTED BY [PLASMA_RADIUS_80]_HE",1
"TOTAL [CANCER CELLS] IN [ESI_0080]_HE",1
"TOTAL [CANCER CELLS] IN [STROMA] SELECTED BY [FIBROBLAST_RADIUS_80]_HE",1
"TOTAL [CANCER CELLS] IN [STROMA] SELECTED BY [LYMPHOCYTE_RADIUS_80]_HE",1
"TOTAL [CANCER CELLS] IN [STROMA] SELECTED BY [MACROPHAGE_RADIUS_80]_HE",1
"TOTAL [CANCER CELLS] IN [STROMA] SELECTED BY [PLASMA_RADIUS_80]_HE",1
"TOTAL [CANCER CELLS] IN [STROMA]_HE",1
"TOTAL [CANCER CELLS] IN [TUMOR] SELECTED BY [FIBROBLAST_RADIUS_80]_HE",1
"TOTAL [CANCER CELLS] IN [TUMOR] SELECTED BY [LYMPHOCYTE_RADIUS_80]_HE",1
"TOTAL [CANCER CELLS] IN [TUMOR] SELECTED BY [MACROPHAGE_RADIUS_80]_HE",1
"TOTAL [CANCER CELLS] IN [TUMOR] SELECTED BY [PLASMA_RADIUS_80]_HE",1
"TOTAL [CANCER CELLS] IN [TUMOR]_HE",1
"TOTAL [FIBROBLAST CELLS] IN [EPITHELIAL]_HE",14
"TOTAL [FIBROBLAST CELLS] IN [ESI_0080]_HE",3
"TOTAL [FIBROBLAST CELLS] IN [STROMA]_HE",3
"TOTAL [FIBROBLAST CELLS] IN [TUMOR]_HE",3
"TOTAL [LYMPHOCYTE CELLS] IN [EPITHELIAL]_HE",1
"TOTAL [LYMPHOCYTE CELLS] IN [ESI_0080]_HE",1
"TOTAL [LYMPHOCYTE CELLS] IN [STROMA]_HE",1
"TOTAL [LYMPHOCYTE CELLS] IN [TUMOR]_HE",1
"TOTAL [MACROPHAGE CELLS] IN [EPITHELIAL]_HE",7
"TOTAL [MACROPHAGE CELLS] IN [ESI_0080]_HE",1
"TOTAL [MACROPHAGE CELLS] IN [STROMA]_HE",1
"TOTAL [MACROPHAGE CELLS] IN [TUMOR]_HE",1
"TOTAL [PLASMA CELLS] IN [EPITHELIAL]_HE",1
"TOTAL [PLASMA CELLS] IN [ESI_0080]_HE",9
"TOTAL [PLASMA CELLS] IN [STROMA]_HE",9
"TOTAL [PLASMA CELLS] IN [TUMOR]_HE",9
