,HIF,Beta,Cluster
55,CELL CLUSTERING PROPERTIES: CLUSTER EXTENT MEAN OF FIBROBLAST IN TUMOR_HE,0.005398786872909527,8
94,CELL CLUSTERING PROPERTIES: CLUSTER SIZE MEAN OF FIBROBLAST IN STROMA_HE,0.02100531115171498,8
95,CELL CLUSTERING PROPERTIES: CLUSTER SIZE MEAN OF FIBROBLAST IN TUMOR_HE,0.027456320246299175,8
154,CELL CLUSTERING PROPERTIES: WITHIN CLUSTER DISPERSION MEAN OF FIBROBLAST IN STROMA_HE,0.026596591401519834,8
155,CELL CLUSTERING PROPERTIES: WITHIN CLUSTER DISPERSION MEAN OF FIBROBLAST IN TUMOR_HE,0.032269525418965495,8
174,CELL CLUSTERING PROPERTIES: WITHIN CLUSTER DISPERSION STANDARD DEVIATION OF FIBROBLAST IN STROMA_HE,0.01231039123091611,8
175,CELL CLUSTERING PROPERTIES: WITHIN CLUSTER DISPERSION STANDARD DEVIATION OF FIBROBLAST IN TUMOR_HE,0.0087920540247183,8
475,REGION PROPERTIES: LACUNARITY OF LARGEST REGION OF NECROSIS_HE,0.10073679824207832,21
476,REGION PROPERTIES: LACUNARITY OF LARGEST REGION OF STROMA_HE,0.15841591971886143,24
